{"cameraMode":{"drawMode":0,"name":"Shaded","section":"Shading Mode"},"sceneLighting":false,"audioPlay":false,"sceneViewState":{"showFog":true,"showMaterialUpdate":false,"showSkybox":false,"showFlares":true,"showImageEffects":true,"showParticleSystems":true},"in2DMode":false,"pivot":{"x":4.927000045776367,"y":14.465999603271485,"z":-12.696000099182129},"rotation":{"x":-0.28427135944366457,"y":0.5368342399597168,"z":-0.19840197265148164,"w":-0.7691785097122192},"size":2.3749959468841554,"orthographic":false}