{"cameraMode":{"drawMode":0,"name":"Shaded","section":"Shading Mode"},"sceneLighting":true,"audioPlay":false,"sceneViewState":{"showFog":true,"showMaterialUpdate":false,"showSkybox":true,"showFlares":true,"showImageEffects":true,"showParticleSystems":true},"in2DMode":false,"pivot":{"x":-12.87462043762207,"y":-5.195627212524414,"z":-4.189414978027344},"rotation":{"x":0.3595694601535797,"y":0.0734996348619461,"z":-0.02842354029417038,"w":0.9297848343849182},"size":31.329471588134767,"orthographic":false}