{"cameraMode":{"drawMode":0,"name":"Shaded","section":"Shading Mode"},"sceneLighting":false,"audioPlay":false,"sceneViewState":{"showFog":true,"showMaterialUpdate":false,"showSkybox":false,"showFlares":true,"showImageEffects":true,"showParticleSystems":true},"in2DMode":false,"pivot":{"x":43.935001373291019,"y":0.20000000298023225,"z":-39.46900177001953},"rotation":{"x":0.2739541828632355,"y":0.006925697438418865,"z":-0.001972552388906479,"w":0.961715817451477},"size":22.0,"orthographic":false}