{"cameraMode":{"drawMode":0,"name":"Shaded","section":"Shading Mode"},"sceneLighting":true,"audioPlay":false,"sceneViewState":{"showFog":true,"showMaterialUpdate":false,"showSkybox":true,"showFlares":true,"showImageEffects":true,"showParticleSystems":true},"in2DMode":false,"pivot":{"x":-2.8722381591796877,"y":-15.743179321289063,"z":-33.50367736816406},"rotation":{"x":0.14653973281383515,"y":-0.7856107950210571,"z":0.20353902876377107,"w":0.5656090378761292},"size":79.23512268066406,"orthographic":false}