{"cameraMode":{"drawMode":0,"name":"Shaded","section":"Shading Mode"},"sceneLighting":false,"audioPlay":false,"sceneViewState":{"showFog":true,"showMaterialUpdate":false,"showSkybox":false,"showFlares":true,"showImageEffects":true,"showParticleSystems":true},"in2DMode":false,"pivot":{"x":43.935001373291019,"y":0.20000000298023225,"z":-39.46900177001953},"rotation":{"x":0.35853707790374758,"y":0.46900302171707156,"z":-0.21623583137989045,"w":0.7776435017585754},"size":22.0,"orthographic":false}