{"cameraMode":{"drawMode":0,"name":"Shaded","section":"Shading Mode"},"sceneLighting":true,"audioPlay":false,"sceneViewState":{"showFog":true,"showMaterialUpdate":false,"showSkybox":true,"showFlares":true,"showImageEffects":true,"showParticleSystems":true},"in2DMode":false,"pivot":{"x":38.3599853515625,"y":8.358770370483399,"z":-33.19062805175781},"rotation":{"x":-0.28427135944366457,"y":0.5368342399597168,"z":-0.19840197265148164,"w":-0.7691785097122192},"size":4.121279716491699,"orthographic":false}